country,tradition_secularism,survival_self-expression,unpeacefulness,eco_footprint,education,nominal_GDP,inequality,life_expectancy,religion_christian,religion_muslim,religion_unaffiliated,religion_hinduism,religion_buddhism,religion_folk,religions_other,religion_judaism,happiness,cluster
Albania,0.3721031539258874,-1.0872434941902613,-0.37755396189400414,-0.682703002560379,0.09896997632020911,-0.32581719593992603,-0.43776724405110434,0.47848444640467624,-0.5444766697402624,-0.3268905945016012,-0.16308665999616107,-0.11206882973075856,-0.17291350172106434,-0.1338202179026007,-0.17921334799280242,-0.18186133541044094,-0.6518986787302915,1
Algeria,-1.1884440537690244,-0.6851301601048824,0.4346972642347188,-0.7266982680779166,-0.4227821576496486,-0.27355028618875377,-1.2270748507493106,0.20896169865620068,-0.5583489266905625,0.4957073334460901,-0.15504282309724507,-0.11206882973075856,-0.17291350172106434,-0.13366368364281317,-0.17921334799280242,-0.18186133541044094,-0.8787600687615713,0
Argentina,-0.36286424066590983,0.4407871753341786,-0.03469414784971868,-0.22808525887915618,0.5563082665900843,-0.1796255517076019,0.7180046086141254,0.17505245750414886,0.3582871287177279,-0.3823954920030468,-0.09886783098350381,-0.11206882973075856,-0.17236842436036723,-0.1236454910164109,-0.1429176787370344,0.04632576787707297,0.14902066346709494,1
Armenia,0.8553693859862472,-1.2581416611765475,0.5877596812187751,-0.672926276889815,0.12473551380020212,-0.32196975049088516,-0.2686298997586322,-0.07648088061905935,-0.47858344922633694,-0.3924989180459367,-0.16321852617483182,-0.11206882973075856,-0.17291350172106434,-0.1338202179026007,-0.17921334799280242,-0.18186133541044094,-0.4881639363598895,0
Australia,0.5130558049434922,1.8180253445766015,-1.1979685169285434,2.788034610489816,1.2841847003998867,0.1928316676216511,-0.2686298997586322,1.1673355565686803,-0.16032186188579844,-0.37881453087392125,-0.09267012058597837,-0.10916327098646399,-0.1512920997467456,-0.12928072436876217,-0.1239808078209815,-0.058991356717164226,1.3859084160724175,1
Austria,0.5533279909485223,1.4963346773082982,-1.4591950419146655,1.1993166890231772,0.7881981039100214,-0.17123209237315054,-0.9310844982374836,0.9910525440525713,-0.37987700554150944,-0.3811165773140734,-0.14884511269971962,-0.11206882973075856,-0.17236842436036723,-0.1338202179026007,-0.17763527541646468,-0.17601038404409444,1.4697484949970208,1
Azerbaijan,0.16067417739947998,-1.3285114946414887,0.8551087028842589,-0.6338193742075593,-0.13291986099972797,-0.30938681473785523,-0.36729335059590734,-0.40793177300673156,-0.552479894903897,-0.16497999487756868,-0.16368005780017944,-0.11206882973075856,-0.17291350172106434,-0.1338202179026007,-0.17921334799280242,-0.18186133541044094,-0.5986355697664256,0
Bangladesh,-0.916606798235072,-0.8761339937954374,0.24898153162739822,-1.4110690650173918,-1.4276381193693752,-0.21169554882590377,-0.55052547357942,-0.47383987552762313,-0.5479447339778374,3.045863223259051,-0.16368005780017944,0.008678570544433955,-0.13966378271854055,-0.13084606696663753,-0.14922996904238534,-0.18186133541044094,-0.7426432347428029,0
Belarus,1.197682967029002,-1.1777189943594717,0.2224507126834954,0.7251454940008267,0.6980187227300458,-0.3051609108927378,-1.5653495393342562,-0.2134186119495782,-0.3777428121645402,-0.39211524363924466,-0.1276146579337282,-0.11206882973075856,-0.17291350172106434,-0.1338202179026007,-0.17921334799280242,-0.18186133541044094,-0.24058911506488526,1
Belgium,0.8050291534799597,1.194749676744264,-0.9653136431127787,1.8739107602920886,1.0522948630799498,-0.1387894394576898,-1.2552644081313897,0.9836750611499123,-0.3764089413039344,-0.37651248443376917,-0.1227356093229103,-0.11206882973075856,-0.1720050394532358,-0.13335061512323812,-0.17763527541646468,-0.1526065785787084,1.0416709155466934,1
Bosnia and Herzegovina,0.6439404094598399,-0.5946546599356721,0.02653081894390372,-0.2378619845497201,-0.0749474016697437,-0.3193650283100515,-0.4659568014331835,0.29190402091075246,-0.5073950598154218,-0.3491437100897384,-0.16255919528147805,-0.11206882973075856,-0.17291350172106434,-0.1338202179026007,-0.17921334799280242,-0.18186133541044094,0.034603614581753504,1
Brazil,-0.6850417287061497,0.6720023424332715,0.540820540010331,-0.2427503473850022,-0.2810717015096871,0.20420508386694738,2.4798519449940497,0.04992258170361582,4.063246831136336,-0.3916036777636553,0.03945979044211723,-0.11206882973075856,-0.16401057149634485,0.039463207682201164,-0.08610706598887574,-0.058991356717164226,0.5445485652172818,0
Bulgaria,1.4393160830591818,-0.9565566606125132,-0.8142920583551768,-0.14009472784408095,0.48545303852010424,-0.30124318952347146,0.5770568217037314,-0.10392123413120323,-0.39588345586877877,-0.36653694985977664,-0.15965813935072146,-0.11206882973075856,-0.17291350172106434,-0.1338202179026007,-0.17921334799280242,-0.18186133541044094,-0.5049319521448106,1
Burkina Faso,-1.0273553097489045,-0.4338093263015206,0.34694147849719403,-1.1715392860885754,-2.857625449508986,-0.3199323935375598,-0.14177689153927786,-2.227250119887761,-0.4609763538663407,-0.13300712765323366,-0.16282292763881956,-0.11206882973075856,-0.17291350172106434,-0.05477041670989525,-0.17921334799280242,-0.18186133541044094,-0.9310368238557356,0
Canada,0.039857619384390024,1.978870678210753,-1.3857250817623188,2.230761247267672,1.0909431692999392,0.32352779381086705,-0.42367246536006575,1.0318228443040915,0.06616941024506261,-0.37446622093141174,-0.05759371705955778,-0.10763904344847339,-0.16292041677495064,-0.12176707989896048,-0.08610706598887574,0.2218543088674683,1.3070001064963204,1
Chile,-0.5742932171923172,0.05877950795306864,-0.7591895882409169,0.3682950070252436,0.453246116670113,-0.3156794108974931,1.140847969345307,0.7344753373553853,-0.15178508837792146,-0.3924989180459367,-0.14436166262491398,-0.11206882973075856,-0.17273180926749862,-0.1258369706534364,-0.1713229851111137,-0.1643084813114014,0.3887046538044895,1
China,1.1070705485176846,-1.1073491608945303,0.4306155997818111,-0.11076455083238915,-0.5516098450496136,5.109703511626366,0.30925602657398316,0.2140560447447737,1.2650525397575356,0.23890126390023125,9.075853416212883,-0.11192593339907195,8.697493773810155,9.079629778931954,2.6849883780601957,-0.18186133541044094,-0.4329281196566215,4
Colombia,-1.581097867318067,0.661949509081137,1.3367451083274218,-0.8489073389599656,-0.34548554520966956,-0.22939283079167214,1.9865346908076709,0.27375541297021877,0.5821106591273774,-0.3923710265770393,-0.12352680639493482,-0.11206882973075856,-0.17291350172106434,-0.12239321693811062,-0.16816683995843823,-0.18186133541044094,0.23088803465229504,0
Croatia,0.3821712004271449,0.3704173418692373,-0.7367404337499217,0.15320704227283696,0.3952736573401287,-0.3059200842511367,-0.832421047400208,0.4548260236015809,-0.45030538698149447,-0.3910921118880659,-0.16071306878008748,-0.11206882973075856,-0.17291350172106434,-0.1338202179026007,-0.17921334799280242,-0.18186133541044094,0.10266203159113726,1
Cyprus,-0.2621837756533349,0.18946634153081682,-0.1877565648337749,0.2949695644960139,0.504777191630099,-0.31780026080191204,-0.6914732604898141,0.8619931878849363,-0.5383408637814758,-0.38546488725658296,-0.16361412471084408,-0.11206882973075856,-0.17291350172106434,-0.1338202179026007,-0.17921334799280242,-0.18186133541044094,0.4390087011592516,1
Denmark,1.4695202225629542,1.9386593448022154,-1.4081742362533134,0.9304567330826692,1.2262122410699026,-0.19848593238976237,-1.0720322851478776,0.8970867091871548,-0.4364331300311944,-0.38674380194555635,-0.15517468927591582,-0.11192593339907195,-0.17273180926749862,-0.1338202179026007,-0.17921334799280242,-0.18186133541044094,1.8169450571318484,1
Dominican Republic,-0.7555180542149521,0.39052300857350625,0.07142912792589302,-1.0151116753595524,-0.5580512294196119,-0.2975053487206538,1.042184518508032,-0.23663438577851997,-0.3267889452893995,-0.3924989180459367,-0.14950444359307338,-0.11206882973075856,-0.17291350172106434,-0.1311591354862126,-0.17763527541646468,-0.18186133541044094,-0.22973922249817177,0
Egypt,-1.319328658285372,-0.40365082624511717,1.0510285966238506,-0.7120331795720708,-0.8092652198495438,-0.19859489230277247,-0.6773784817987745,-0.5695180630036029,-0.45003861280937335,1.5766460285664083,-0.16368005780017944,-0.11206882973075856,-0.17291350172106434,-0.1338202179026007,-0.17921334799280242,-0.18186133541044094,-1.4745178060611042,0
El Salvador,-1.7723907508419592,0.5915796756161958,0.5224530499722445,-0.7511400822543265,-0.9638584447295018,-0.31743953256919505,0.32335080526502274,-0.3582618986431616,-0.4142908737451385,-0.3924989180459367,-0.15477909073990354,-0.11206882973075856,-0.17291350172106434,-0.13303754660366304,-0.1744791302637892,-0.18186133541044094,0.2792193742676549,0
Estonia,1.580268734076787,-1.1375076609509338,-0.5693921911806872,1.5903857158457346,0.8977016381999917,-0.31474003460603894,-0.832421047400208,0.4664746808163026,-0.545543766428747,-0.3924989180459367,-0.1531966965958545,-0.11206882973075856,-0.17291350172106434,-0.1338202179026007,-0.17921334799280242,-0.18186133541044094,0.4054726695894105,1
Ethiopia,-0.3527961941646523,-0.3031224927237724,0.8734761929223462,-1.2644181799589327,-2.593528690339058,-0.29645604541636994,-0.18406122761239563,-1.4280745772431367,0.8291435425115674,0.3409586560803086,-0.16308665999616107,-0.11206882973075856,-0.17291350172106434,-0.0672931574928981,-0.17921334799280242,-0.18186133541044094,-1.4824086370187137,0
Finland,1.1272066415201996,1.1846968433921297,-1.057151093303212,1.1064377951528201,1.1295914755199288,-0.23093213133789503,-1.2552644081313897,0.9898876783311003,-0.4452366777111925,-0.3916036777636553,-0.1502956406650979,-0.11206882973075856,-0.17291350172106434,-0.1338202179026007,-0.17921334799280242,-0.18186133541044094,2.035915616205518,1
France,0.9359137579963072,1.194749676744264,-0.23265487381576466,0.7495873081772365,0.7109014914700423,0.6215379913926505,-0.6632837031077349,1.116081464823907,0.4954090531880018,-0.27215304581353966,0.06807475121367088,-0.11183066917794753,-0.16292041677495064,-0.1270892447317367,-0.14922996904238534,0.1750466979366962,0.8996359583097193,1
Georgia,0.26135464241205497,-1.2581416611765475,0.23673653826867327,-0.9906698611831426,0.7431084133200336,-0.3206048502787998,0.013265674062155678,-0.2866226567726271,-0.45724151545664454,-0.380605011438484,-0.16335039235350257,-0.11206882973075856,-0.17291350172106434,-0.1338202179026007,-0.17921334799280242,-0.18186133541044094,-0.874814653282766,0
Ghana,-1.6515741928268692,-0.23275265925883107,-0.4285747675553559,-0.800023710607146,-1.1055689008694627,-0.3020233167112954,1.0139949611259529,-1.8297319266639305,-0.07281993343005942,-0.2938945955260875,-0.1502956406650979,-0.11206882973075856,-0.17291350172106434,-0.09640852981337972,-0.16816683995843823,-0.18186133541044094,-0.6805029409516267,0
Greece,1.0768664090139122,0.6116853423204648,-0.14898075253114715,0.3780717326958073,0.6980187227300458,-0.2581305242981822,-0.2686298997586322,1.0143498584820123,-0.2929086254300127,-0.37702405030935854,-0.15451535838256203,-0.11192593339907195,-0.17291350172106434,-0.13366368364281317,-0.17921334799280242,-0.18186133541044094,-0.054168233691355656,1
Guatemala,-1.4099410767966893,-0.11211865903321742,0.5265347144251522,-0.8391306132894019,-1.3889898131493859,-0.2995030545813749,1.6905443382958434,-0.20145155810432377,-0.1947357300894275,-0.3924989180459367,-0.15596588634794034,-0.11206882973075856,-0.17291350172106434,-0.13147220400578769,-0.17763527541646468,-0.18186133541044094,0.6481157215359088,0
Hungary,0.7043486884673847,-1.1676661610073371,-0.9510278175275999,-0.3356292412553595,0.5498668822200861,-0.26802266598643254,-0.8042314900181288,0.07236177838491026,-0.3441292664772746,-0.3924989180459367,-0.13921888165675456,-0.11206882973075856,-0.17291350172106434,-0.1338202179026007,-0.17921334799280242,-0.17601038404409444,0.21116095725827116,1
India,-0.06082284562818491,-0.1523299924417553,1.2224585036459932,-1.1959811002649852,-1.118451669609459,0.6233538824872837,-0.08539777677511948,-0.9410869308387712,0.2705184260898677,4.11426855442743,-0.15227363334515923,9.164237070148321,0.16303584492192177,0.049168331789028366,8.517544620204484,-0.17601038404409444,-1.932186001602468,2
Indonesia,-0.17157135714201735,-0.7454471602176893,-0.451023922046351,-0.9906698611831426,-0.6933203011895752,0.044442772599158346,0.210592575736707,-0.6131384013869949,0.07123811951536456,4.956305985647517,-0.16058120260141673,-0.0735344522859338,-0.11059299014802797,-0.11049661319425791,-0.07348248537817383,-0.18186133541044094,-0.42700999643841486,0
Iran,-0.9266748447363296,-0.3935979928929827,1.093886073379386,-0.39917795811402496,0.0732044388402161,0.022243963339681826,0.6334359364678888,0.17664444065682822,-0.5570150558299567,1.4891682638406278,-0.16229546292413652,-0.11192593339907195,-0.17291350172106434,-0.1338202179026007,-0.13344924327900795,-0.18186133541044094,-1.0424948111319723,0
Iraq,-0.10109503163321493,-1.630096495205523,2.7816543246569094,-0.8440189761246838,-1.2601621257494207,-0.2614099597865016,-0.9592740556195622,-0.7901669279648471,-0.5527466690760182,0.40899691753369355,-0.16321852617483182,-0.11206882973075856,-0.17291350172106434,-0.1338202179026007,-0.1744791302637892,-0.18186133541044094,-0.9113097464617108,0
Ireland,-0.6145654031973472,1.2450138435049365,-1.2571526514957119,0.9597869100943612,1.213329472329906,-0.15993507701360396,-0.4941463588152627,1.072204855981795,-0.45030538698149447,-0.39134789482586063,-0.16005373788673372,-0.11202119762019636,-0.17291350172106434,-0.1338202179026007,-0.17921334799280242,-0.18186133541044094,1.2892457368416985,1
Israel,0.5633960374497798,0.42068150862990966,1.487766693085023,1.2775304943876886,0.9299085600499829,-0.17564110045078202,0.09783434620839224,1.152192302189543,-0.5559479591414721,-0.35732876409916814,-0.16071306878008748,-0.11206882973075856,-0.17236842436036723,-0.13335061512323812,-0.17921334799280242,6.377055146263998,1.3602632154601861,1
Italy,0.43251143293343236,0.661949509081137,-0.5142897210664272,0.49050407790729267,0.3952736573401287,0.35713419017593295,-0.05720821939304129,1.2147067625752122,0.7856593524558191,-0.335842997324415,-0.06484635688644926,-0.11125908385120106,-0.16909796019618456,-0.13147220400578769,-0.16185454965308727,-0.12920277311332234,0.6954607072815672,1
Japan,2.274963942663554,0.008515341192396268,-1.3000101282512473,0.6909269541538529,0.7624325664300283,1.3187144487552482,-0.4800515801242231,1.3991826639990097,-0.5057944147826948,-0.3875111507589404,0.7872728896839637,-0.11183066917794753,1.4919344503014786,-0.11988866878151005,1.6781780743567176,-0.18186133541044094,0.1598705560338084,1
Jordan,-1.319328658285372,-0.9967679940210511,0.012244993358724933,-0.7364749937484805,-0.12003709225973147,-0.3117404133321952,-0.36729335059590734,-0.16579113548432628,-0.5564815074857143,-0.23890126390023125,-0.16368005780017944,-0.11206882973075856,-0.17236842436036723,-0.1338202179026007,-0.17921334799280242,-0.18186133541044094,-1.3640461726545687,0
Kyrgyzstan,0.1506061308982225,-0.8560283270911685,0.20204239041895414,-0.8293538876188379,0.03455613262022658,-0.3260950759547625,-1.2129800720582715,-0.6316054059580658,-0.5436763472238989,-0.27266461168912903,-0.16348225853217332,-0.11206882973075856,-0.17291350172106434,-0.1338202179026007,-0.17921334799280242,-0.18186133541044094,-0.03345480242763024,0
Latvia,1.0265261765076246,-1.2179303277680096,-0.5877596812187741,1.3117490342346625,0.8783774850899969,-0.3143660893424539,-0.09949255546615907,-0.052278853812606316,-0.5263360260360238,-0.3924989180459367,-0.15069123920111016,-0.11206882973075856,-0.17291350172106434,-0.1338202179026007,-0.17921334799280242,-0.18186133541044094,0.2506151120463198,1
Lithuania,1.2882953855403194,-0.9465038272603787,-0.5673513589542333,1.0868843438116922,0.9621154818999742,-0.3061663723385324,0.14011868228151003,0.09022305278081309,-0.48045086843118506,-0.3924989180459367,-0.15939440699337995,-0.11206882973075856,-0.17291350172106434,-0.1338202179026007,-0.17921334799280242,-0.18186133541044094,0.4705720249896905,1
Malaysia,-0.4333405661747122,0.1492550081222789,-0.9734769720185951,0.050551422731915714,-0.06850601729974545,-0.2067230439200424,0.661625493849968,0.09370211840227644,-0.48872086776694085,0.07034030789353704,-0.1612405334947705,-0.09573101580792186,0.008960644298205055,-0.11362729839000862,-0.16185454965308727,-0.18186133541044094,-0.3885421955200669,1
Mali,-0.956878984240102,-0.021643158864007153,1.4367458874236714,-1.0151116753595524,-2.8125357589189983,-0.3200513468153726,0.5347724856306136,-2.588789493861056,-0.5500789273548067,-0.02148576677475313,-0.16282292763881956,-0.11206882973075856,-0.17291350172106434,-0.12114094285981034,-0.17921334799280242,-0.18186133541044094,-1.0405221033925702,0
Mexico,-1.178376007267767,1.0942213432229193,1.212254342513723,-0.3502943297612053,-0.33260277646967307,0.08805027056548473,0.06964478882631306,-0.08173442502289871,2.3188105196361,-0.3924989180459367,-0.09346131765800289,-0.11206882973075856,-0.17291350172106434,-0.13178527252536276,-0.1744791302637892,-0.10579896764793631,0.5317259649111661,0
Moldova,0.7748250139761872,-1.2279831611201442,-0.11224577245497372,-0.8929026044775034,-0.12647847662972972,-0.32236174828443637,-1.4948756458790593,-0.5836867130624417,-0.46711215982512727,-0.39211524363924466,-0.16308665999616107,-0.11206882973075856,-0.17291350172106434,-0.1338202179026007,-0.17921334799280242,-0.1643084813114014,-0.011755017294203286,1
Montenegro,1.1674788275252297,-1.187771827711606,-0.13673575917242267,0.08476996257888939,0.38883227297013045,-0.32458672260276733,0.3797299200291801,0.20959849191727287,-0.5468776372893528,-0.38955741426129786,-0.16348225853217332,-0.11206882973075856,-0.17291350172106434,-0.1338202179026007,-0.17921334799280242,-0.18186133541044094,-0.19423048318892758,1
Morocco,-1.0273553097489045,-0.9867151606689166,0.13061326249306113,-0.941786232830323,-1.292369047599412,-0.2857283294839709,0.4502038134843771,0.1771220356026318,-0.5594160233790471,0.42408811086357967,-0.16368005780017944,-0.11206882973075856,-0.17291350172106434,-0.1338202179026007,-0.17921334799280242,-0.18186133541044094,-0.8481830988008331,0
Netherlands,1.016458130006367,1.4561233438997603,-0.9714361397921407,0.8180243878711843,1.136032859889927,-0.0015534619216207265,-1.1002218425299561,1.025998515696732,-0.3355924929693976,-0.367048515735366,-0.07157153199865772,-0.11135434807232547,-0.17164165454610442,-0.13303754660366304,-0.1713229851111137,-0.1526065785787084,1.6630738534584593,1
New Zealand,0.30162682841708494,1.9286065114500808,-1.6020532977664508,0.9744519986002068,1.2068880879599078,-0.3183747180947642,-0.01492388331992251,0.977462443968729,-0.4935228028651217,-0.39134789482586063,-0.14264740230219417,-0.11125908385120106,-0.17055149982471018,-0.13335061512323812,-0.1713229851111137,-0.18186133541044094,1.478625679824332,1
Nigeria,-1.238784286275312,0.3402588418128339,1.8204223459970383,-1.1959811002649852,-1.5886727286193316,-0.17146645289610427,-0.16996644892135604,-3.324126512083271,1.5222228416823296,1.5845752996380433,-0.15477909073990354,-0.11206882973075856,-0.17273180926749862,-0.06228406117969696,-0.15238611419506082,-0.18186133541044094,-1.0050133640833259,0
Norway,1.7010852920918766,2.2402443453662495,-0.9591911464334162,0.6713735028127255,1.1940053192199114,-0.18274122495979964,-1.3116435228955472,1.1685004222901536,-0.449505064465131,-0.38802271663452975,-0.15728454813464787,-0.11192593339907195,-0.1720050394532358,-0.1338202179026007,-0.17763527541646468,-0.18186133541044094,1.5920563748399719,1
Pakistan,-1.1280357747614793,-1.1978246610637406,2.175527153400048,-1.376850525170418,-2.0524524032592053,-0.24198608227611132,-0.3954829079779865,-1.3204565161220676,-0.4865866743899716,3.889435352105906,-0.16348225853217332,-0.0803934762068915,-0.17236842436036723,-0.13303754660366304,-0.1744791302637892,-0.18186133541044094,-0.8324014368856136,0
Peru,-1.0676274957539347,0.08893800800947206,0.020408322264541253,-0.6484844627134053,-0.261747548399693,-0.25354872771944587,0.9153315102886767,0.18603714125763118,0.18114907842928063,-0.3924989180459367,-0.15240549952382998,-0.11206882973075856,-0.171278269638973,-0.12489776509471119,-0.15238611419506082,-0.18186133541044094,0.06123516906368643,0
Philippines,-0.916606798235072,-0.051801658920410575,1.0408244354915803,-1.225311277276677,-0.44210631075964335,-0.19943014418031457,1.140847969345307,-0.6903495842919037,1.744178952887131,-0.26089859655057374,-0.16255919528147805,-0.11206882973075856,-0.1701881149175788,-0.08920795386315308,-0.13976153358435892,-0.18186133541044094,0.10068932385173505,0
Poland,-0.4836807986809998,-0.081960158976814,-0.7183729437118352,0.40740190970749934,0.8783774850899969,-0.11510065174279083,-0.9310844982374836,0.36435478590057985,0.40310518963408204,-0.3924989180459367,-0.1353947624753027,-0.11206882973075856,-0.17291350172106434,-0.1338202179026007,-0.17921334799280242,-0.17601038404409444,0.38278653058628287,1
Portugal,-0.6044973566960897,0.5513683422076578,-1.4938891897643847,0.1336535909317091,0.18914935750018463,-0.24521522857381073,-0.35319857190486875,0.8143812429626341,-0.29824410887243585,-0.39185946070144995,-0.1531966965958545,-0.11206882973075856,-0.17236842436036723,-0.13366368364281317,-0.17921334799280242,-0.18186133541044094,0.14902066346709494,1
Romania,-0.09102698513195742,-1.499409661627775,-0.8163328905816306,-0.4382848607962807,0.2084735106101794,-0.23374864837922474,-0.043113440702001696,-0.01733288216844347,0.0104136082717411,-0.39083632895027126,-0.16348225853217332,-0.11206882973075856,-0.17291350172106434,-0.1338202179026007,-0.17921334799280242,-0.18186133541044094,0.3571413299740506,1
Russia,0.7949611069787021,-1.3687228280500265,2.218384630155583,1.0184472641177449,0.6593704165100563,0.20476310046286608,0.1683082396635892,-0.3953706376435219,2.2345098812458146,-0.027112991406236093,0.14191981126929315,-0.11183066917794753,-0.16691765075339612,-0.12427162805556105,-0.17921334799280242,0.08143147607515203,-0.29681128563785397,0
Rwanda,-1.279056472280342,-0.5644961598792687,0.01632665781163264,-1.337743622488162,-1.8012384128292735,-0.32300680386412056,1.042184518508032,-1.0417002660880554,-0.29530959297910314,-0.3877669336967351,-0.15873507610002616,-0.11206882973075856,-0.17291350172106434,-0.13084606696663753,-0.1744791302637892,-0.18186133541044094,-2.3306729649617584,0
South Africa,-0.8259943797237547,-0.0417488255682761,0.8020470649964532,-0.14498309067936282,-0.13936124536972622,-0.19247411754441981,3.762476805878635,-1.8206576226936626,0.5260880829819348,-0.3706294768644915,-0.06550568777980302,-0.10668640123722926,-0.16946134510331595,-0.12740231325131177,-0.12713695297365699,-0.10579896764793631,-0.8107016517521867,0
South Korea,1.4393160830591818,-0.49412632641432747,-0.2836756794771164,1.0184472641177449,0.8526119476100039,0.2615911753299562,-0.12768211284823827,1.2193662254611008,-0.18193056982761202,-0.3900689801368872,0.13084305226094983,-0.11206882973075856,0.2284451282055751,-0.1214540113793854,-0.14607382388970988,-0.18186133541044094,0.0661669384121924,1
Saudi Arabia,-1.017287263247647,0.20957200823508573,0.8224553872609935,0.9793403614354891,0.3695081198601357,-0.05473557046875673,1.3522696497108981,-0.06915775811673933,-0.5279366710687508,0.2601312477371897,-0.16137239967344125,-0.10916327098646399,-0.16982473001044737,-0.13178527252536276,-0.15869840450041178,-0.18186133541044094,0.7063105998482806,0
Serbia,0.6540084559610972,-0.5644961598792687,-0.3959214519320906,-0.4431732236315626,0.3115356605301514,-0.3068001450869877,-0.01492388331992251,0.018777955197190416,-0.3601357168045439,-0.38418597256760956,-0.16031747024407522,-0.11206882973075856,-0.17291350172106434,-0.1338202179026007,-0.17921334799280242,-0.18186133541044094,0.2959873900525759,1
Singapore,-0.24204768265081988,-0.22269982590669665,-1.3449084372332372,2.1329939905620323,0.6593704165100563,-0.2042953010061985,1.3522696497108981,1.26246625715557,-0.5354063478881431,-0.37395465505582237,-0.15280109805984224,-0.10963959209208606,-0.11022960524089656,-0.1302199299274874,-0.02614030808804162,-0.18186133541044094,0.5909071970932386,1
Slovakia,0.9761859440013372,-0.37349232618871375,-0.9306194952630591,0.2216441219667843,0.652929032140058,-0.28872214815889696,-1.5653495393342562,0.30300519123638414,-0.4356328075148309,-0.3924989180459367,-0.153460428953196,-0.11206882973075856,-0.17291350172106434,-0.1338202179026007,-0.17921334799280242,-0.18186133541044094,0.5455349190869833,1
Slovenia,1.036594223008882,0.42068150862990966,-1.3285817794216044,1.077107618141128,1.007205172489962,-0.32439491447187674,-1.7062973262446504,0.9095119435495216,-0.5175324783560257,-0.39083632895027126,-0.15886694227869694,-0.11206882973075856,-0.17291350172106434,-0.1338202179026007,-0.17921334799280242,-0.18186133541044094,0.6737609221481411,1
Spain,0.39223924692840234,0.6016325089683303,-0.6265354935214015,0.030997971390787842,0.6078393415500704,0.13783656927934076,-0.22634556368551342,1.2605248142864494,0.4068400280437782,-0.3675600816109553,-0.04849495073127575,-0.11192593339907195,-0.17291350172106434,-0.13335061512323812,-0.17763527541646468,-0.11750087038062934,0.7033515382391768,1
Sweden,2.174283477650979,2.4211953457046698,-0.9653136431127787,1.781031866421731,1.1231500911499306,-0.12572811166055625,-1.057937506456838,1.1766544823404577,-0.3916150691148403,-0.38162814318966276,-0.1302519815071433,-0.11192593339907195,-0.17164165454610442,-0.13335061512323812,-0.1744791302637892,-0.17601038404409444,1.5634521126186367,1
Switzerland,1.0466622695101395,1.9688178448586184,-1.2714384770808902,1.0673308924705642,1.0780604005599428,-0.30021935318110415,-0.5082411375063013,1.2954707859306123,-0.4113563578518058,-0.38290705787863616,-0.14264740230219417,-0.11173540495682312,-0.17164165454610442,-0.1338202179026007,-0.17763527541646468,-0.1643084813114014,1.7686137175164887,1
Tanzania,-1.5508937278142942,-0.09201299232894845,-0.2979615050622948,-1.1177672949004736,-1.8592108721592577,-0.30403778563555656,0.591151600394771,-1.6097198549637561,0.1747464982983729,0.010742883387376565,-0.15517468927591582,-0.11164014073569871,-0.17291350172106434,-0.10893127059638257,-0.1713229851111137,-0.18186133541044094,-2.1255113600639057,0
Thailand,-0.3427281476633948,0.06883234130520312,0.5551063655955097,-0.46272667497269043,-0.44210631075964335,-0.1502737498156354,0.013265674062155678,0.25194524377852273,-0.5439431213960201,-0.29619664196623957,-0.1612405334947705,-0.11144961229344988,2.1678303775658962,-0.1320983410449378,-0.17921334799280242,-0.18186133541044094,0.204256480170363,0
Turkey,-0.5944293101948322,-0.27296399266736904,2.0591997164921656,-0.13520636500879887,-0.261747548399693,-0.06976945953130134,0.7884785020693224,0.33807153233843096,-0.5514127982154124,1.4318728857746195,-0.15240549952382998,-0.11206882973075856,-0.17164165454610442,-0.13335061512323812,-0.13344924327900795,-0.1643084813114014,-0.8185924827097963,0
Uganda,-1.1280357747614793,-0.44386215965365505,0.38775812302627566,-1.1568741975827295,-1.318134585079405,-0.3124177055725333,0.9153315102886767,-1.9421259372430344,0.2131619790838193,-0.29440616140167686,-0.161504265852112,-0.11116381963007664,-0.17291350172106434,-0.12489776509471119,-0.16816683995843823,-0.18186133541044094,-1.1263348900565755,0
Ukraine,0.6036682234548099,-0.7756056602740926,1.9265456217726507,-0.37473614393761523,0.41459781045012345,-0.26799719902451596,-1.4384965311149014,-0.5954169108776627,0.45646002405831315,-0.37830296499833194,-0.07552751735878034,-0.11202119762019636,-0.17236842436036723,-0.1338202179026007,-0.17921334799280242,-0.12920277311332234,-0.8905963151979854,0
Uruguay,-0.07089089212944241,1.0540100098143814,-0.6020455068039524,-0.34051760409064136,0.021673363880230077,-0.306980992753256,0.4783933708664563,0.37309516169735857,-0.5079286081596641,-0.3924989180459367,-0.14568032441162151,-0.11206882973075856,-0.17291350172106434,-0.13303754660366304,-0.17921334799280242,-0.18186133541044094,0.6441703060571043,1
United States of America,-0.5138849381847723,1.8280781779287358,0.8061287294493609,2.255203061444082,1.1167087067799322,7.0685967552867925,0.6757202725410076,0.5126810211013589,5.9242634558535165,-0.3217749357457076,0.5085077879739895,-0.09506416626005097,-0.04336678232871761,-0.11425343542915876,0.41887615843920106,6.470670368125542,1.1570743183017356,3
Venezuela,-1.3092606117841143,0.49105134209485096,1.3571534305919621,-0.017885656962031846,0.0732044388402161,-0.3118858006717442,0.3797299200291801,-0.557737387673782,0.13072875989838223,-0.3903247630746819,-0.12550479907499615,-0.11206882973075856,-0.17291350172106434,-0.1320983410449378,-0.1744791302637892,-0.18186133541044094,-0.8738282994130644,0
Vietnam,-0.0004145666206399393,-0.20259415920242768,-0.26326735721257566,-0.956451321336169,-0.6675547637095822,-0.20772624879959123,-0.08539777677511948,-0.02665180794022083,-0.3686724903124209,-0.3885342825101191,0.17963353836912885,-0.11206882973075856,0.3494523022803338,1.1104706131485196,-0.07032634022549834,-0.18186133541044094,-0.36191064103813486,0
Zambia,-0.47361275217974225,-0.5644961598792687,-0.4102072775172694,-1.2790832684647784,-0.9638584447295018,-0.3193627717438057,2.930884863107311,-1.8596612099342862,-0.2192789539245738,-0.39083632895027126,-0.16282292763881956,-0.11202119762019636,-0.17291350172106434,-0.13272447808408797,-0.1429176787370344,-0.18186133541044094,-1.681652118698359,0
Zimbabwe,-1.2085801467715394,-1.30840582793722,0.9326603274895143,-1.0933254807240638,-1.1055689008694627,-0.3180436475898488,1.1267531906542676,-2.2411003733160633,-0.26836540159486644,-0.3898131971990925,-0.15069123920111016,-0.11206882973075856,-0.17291350172106434,-0.11894946322278484,-0.16816683995843823,-0.17601038404409444,-2.5969885097810863,0
Germany,1.6960512688412481,0.5614211755597923,-0.9367419919424216,0.827801113541748,1.3550399284698669,1.03730838797646,-0.620999367034617,0.8555398317879827,0.948391597449724,-0.27087413112456626,0.10460168270546975,-0.11135434807232547,-0.16546411112487047,-0.13272447808408797,-0.14922996904238534,0.08143147607515203,1.3582905077207839,1
